id,created_at,name,prix_min,prix_moyen_24h,prix_moyen_30j,statstrack,souvenir,img_url,min_float,max_float,typeId,rarityId,collectionId,usureId,updatedAt,collection
f40d2580-137c-4f7e-951e-ec6924e3cca3,2025-04-07 10:23:58.905438+00,AK-47 | Midnight Laminate,99999,99999,99999,false,false,https://raw.githubusercontent.com/ByMykel/counter-strike-image-tracker/main/static/panorama/images/econ/default_generated/weapon_ak47_soe_iridescent_purple_light_png.png,0,0.75,eb5e7e72-3970-435e-9470-f66c4882435d,8cf26468-56a6-4fff-a6df-8f2b46c044a8,,bca54d16-e962-47cb-996f-cf68a32896ea,,bda28689-0e2b-4bcd-af8e-4ba88c957339
5afba571-97cb-4440-b9cb-24d982d47c12,2025-04-07 10:23:58.905438+00,AK-47 | Nouveau Rouge,99999,99999,99999,false,false,https://raw.githubusercontent.com/ByMykel/counter-strike-image-tracker/main/static/panorama/images/econ/default_generated/weapon_ak47_hye_ak47_nouveau_light_png.png,0,1,eb5e7e72-3970-435e-9470-f66c4882435d,b31ba83b-f395-4c74-beb6-da418aefa40d,,bd92534f-ca55-4ca9-a9fb-45ae3799e036,,4cd2a25e-bfaf-4e62-917a-a8e2c6682d34
3793ee8a-9249-4b42-ae7c-ab1801e34b9c,2025-04-07 10:23:58.905438+00,AK-47 | Rouge stratifié,99999,99999,99999,true,false,https://raw.githubusercontent.com/ByMykel/counter-strike-image-tracker/main/static/panorama/images/econ/default_generated/weapon_ak47_hy_ak47lam_light_png.png,0.06,0.8,eb5e7e72-3970-435e-9470-f66c4882435d,b31ba83b-f395-4c74-beb6-da418aefa40d,,c605ec91-ae5d-4a20-a642-3f9806071efc,,6668b059-8cd8-44ec-a83e-50a99268fe2f
87ccaa5e-7e26-43f4-b749-a48b4b58dcfe,2025-04-07 10:23:57.622142+00,AK-47 | Searing Rage,99999,99999,99999,true,false,https://raw.githubusercontent.com/ByMykel/counter-strike-image-tracker/main/static/panorama/images/econ/default_generated/weapon_ak47_ak47_explosive_light_png.png,0,1,eb5e7e72-3970-435e-9470-f66c4882435d,b31ba83b-f395-4c74-beb6-da418aefa40d,,bca54d16-e962-47cb-996f-cf68a32896ea,,e976202f-178c-4189-87ac-a4fa702b3048
848d2f2e-88a3-446f-999c-911485e398e7,2025-04-07 10:23:58.905438+00,AK-47 | VariCamo Grey,99999,99999,99999,false,false,https://raw.githubusercontent.com/ByMykel/counter-strike-image-tracker/main/static/panorama/images/econ/default_generated/weapon_ak47_soe_varicamo_light_png.png,0,0.671875,eb5e7e72-3970-435e-9470-f66c4882435d,22afba53-2376-4f1b-bc63-1647fc97556c,,bca54d16-e962-47cb-996f-cf68a32896ea,,423dfc47-48bd-4cbd-90a9-941adf71e639
bbdcd6a2-3c98-4732-ac8c-abfc6eb2c023,2025-04-07 10:23:58.905438+00,AK-47 | Wintergreen,99999,99999,99999,false,false,https://raw.githubusercontent.com/ByMykel/counter-strike-image-tracker/main/static/panorama/images/econ/default_generated/weapon_ak47_soe_metallic_green_2_light_png.png,0,0.75,eb5e7e72-3970-435e-9470-f66c4882435d,095abe9f-361a-412a-a65c-845c7c5bf334,,c605ec91-ae5d-4a20-a642-3f9806071efc,,423dfc47-48bd-4cbd-90a9-941adf71e639
a9239983-b575-4a48-998a-1088ec8c85ae,2025-04-07 10:23:58.905438+00,AUG | Commando Company,99999,99999,99999,false,false,https://raw.githubusercontent.com/ByMykel/counter-strike-image-tracker/main/static/panorama/images/econ/default_generated/weapon_aug_hy_flecktarn_light_png.png,0,0.65,f53642d3-7d7a-49df-8895-39e1b762f123,72817c51-f8f5-41f0-b586-1c5c6ee127e0,,18b4f8e5-e41e-4d09-9f14-282b8685e546,,423dfc47-48bd-4cbd-90a9-941adf71e639
902dca7f-73e4-4c5d-a303-7ff5e4fd5465,2025-04-07 10:23:58.905438+00,AUG | Steel Sentinel,99999,99999,99999,false,false,https://raw.githubusercontent.com/ByMykel/counter-strike-image-tracker/main/static/panorama/images/econ/default_generated/weapon_aug_aug_cold_sentinel_light_png.png,0,1,f53642d3-7d7a-49df-8895-39e1b762f123,22afba53-2376-4f1b-bc63-1647fc97556c,,bd92534f-ca55-4ca9-a9fb-45ae3799e036,,d81fd0f2-9b75-462f-b12b-4d8efd1c4ee9
5b799ff9-8c25-469b-881a-d17c0588d817,2025-04-07 10:24:00.396412+00,AWP | Arsenic Spill,99999,99999,99999,false,false,https://raw.githubusercontent.com/ByMykel/counter-strike-image-tracker/main/static/panorama/images/econ/default_generated/weapon_awp_hy_varicamo_simple_yellow_light_png.png,0,0.501961,6fce23d7-efa2-4bb7-a632-bfe5113fa2c9,095abe9f-361a-412a-a65c-845c7c5bf334,,bd92534f-ca55-4ca9-a9fb-45ae3799e036,,4cd2a25e-bfaf-4e62-917a-a8e2c6682d34
3a75a504-1afe-427a-87cb-4a361e08e587,2025-04-07 10:24:00.396412+00,AWP | Green Energy,99999,99999,99999,false,false,https://raw.githubusercontent.com/ByMykel/counter-strike-image-tracker/main/static/panorama/images/econ/default_generated/weapon_awp_cue_jump_line_light_png.png,0,0.75,6fce23d7-efa2-4bb7-a632-bfe5113fa2c9,b31ba83b-f395-4c74-beb6-da418aefa40d,,c605ec91-ae5d-4a20-a642-3f9806071efc,,423dfc47-48bd-4cbd-90a9-941adf71e639
64c69c00-5dd7-4705-aed3-b23001387324,2025-04-07 10:24:00.396412+00,AWP | Iconographie,99999,99999,99999,true,false,https://raw.githubusercontent.com/ByMykel/counter-strike-image-tracker/main/static/panorama/images/econ/default_generated/weapon_awp_awp_printstream_light_png.png,0,1,6fce23d7-efa2-4bb7-a632-bfe5113fa2c9,3b4de0c0-fd22-4c55-8222-968a2cea4db5,,c605ec91-ae5d-4a20-a642-3f9806071efc,,e976202f-178c-4189-87ac-a4fa702b3048
0b164c42-fc94-4104-bea9-2a935e39f327,2025-04-07 10:24:00.396412+00,AWP | LongDog,99999,99999,99999,false,false,https://raw.githubusercontent.com/ByMykel/counter-strike-image-tracker/main/static/panorama/images/econ/default_generated/weapon_awp_awp_longdog_light_png.png,0,1,6fce23d7-efa2-4bb7-a632-bfe5113fa2c9,3b4de0c0-fd22-4c55-8222-968a2cea4db5,,c605ec91-ae5d-4a20-a642-3f9806071efc,,d81fd0f2-9b75-462f-b12b-4d8efd1c4ee9
ff56eb20-8eb5-4ffe-bfa3-a691a367cd47,2025-04-07 10:24:01.82113+00,CZ75-Auto | Copper Fiber,99999,99999,99999,false,false,https://raw.githubusercontent.com/ByMykel/counter-strike-image-tracker/main/static/panorama/images/econ/default_generated/weapon_cz75a_am_carbon_fiber_cz75_light_png.png,0,0.563291,ccf2efe9-f774-4ca7-a064-616b8300567d,22afba53-2376-4f1b-bc63-1647fc97556c,,34404936-2d1d-4161-8bd9-3aa1b1926d27,,d81fd0f2-9b75-462f-b12b-4d8efd1c4ee9
90ab4e37-a2de-43a9-aeac-0029180eb3ed,2025-04-07 10:24:03.458169+00,CZ75-Auto | Pink Pearl,99999,99999,99999,false,false,https://raw.githubusercontent.com/ByMykel/counter-strike-image-tracker/main/static/panorama/images/econ/default_generated/weapon_cz75a_soe_pink_pearl_light_png.png,0,0.7,ccf2efe9-f774-4ca7-a064-616b8300567d,72817c51-f8f5-41f0-b586-1c5c6ee127e0,,bd92534f-ca55-4ca9-a9fb-45ae3799e036,,4cd2a25e-bfaf-4e62-917a-a8e2c6682d34
f982997f-c679-466e-addc-71a9c068624c,2025-04-07 10:24:03.458169+00,Desert Eagle | Mint Fan,99999,99999,99999,false,false,https://raw.githubusercontent.com/ByMykel/counter-strike-image-tracker/main/static/panorama/images/econ/default_generated/weapon_deagle_ht_earth_fans_light_png.png,0,0.6,0e141472-fe11-428d-8d57-51d04036f2fa,095abe9f-361a-412a-a65c-845c7c5bf334,,34404936-2d1d-4161-8bd9-3aa1b1926d27,,bda28689-0e2b-4bcd-af8e-4ba88c957339
7a001b69-4810-40ba-bfcb-16a2b9875bc3,2025-04-07 10:24:03.458169+00,Desert Eagle | Mulberry,99999,99999,99999,false,false,https://raw.githubusercontent.com/ByMykel/counter-strike-image-tracker/main/static/panorama/images/econ/default_generated/weapon_deagle_soe_plum_light_png.png,0,0.75,0e141472-fe11-428d-8d57-51d04036f2fa,8cf26468-56a6-4fff-a6df-8f2b46c044a8,,bd92534f-ca55-4ca9-a9fb-45ae3799e036,,4cd2a25e-bfaf-4e62-917a-a8e2c6682d34
bcaa341d-f0c3-4771-a7bc-b228fe4d6dba,2025-04-07 10:24:03.458169+00,Desert Eagle | Serpent Strike,99999,99999,99999,true,false,https://raw.githubusercontent.com/ByMykel/counter-strike-image-tracker/main/static/panorama/images/econ/default_generated/weapon_deagle_deagle_snake_pattern_light_png.png,0,0.57,0e141472-fe11-428d-8d57-51d04036f2fa,8cf26468-56a6-4fff-a6df-8f2b46c044a8,,bca54d16-e962-47cb-996f-cf68a32896ea,,e976202f-178c-4189-87ac-a4fa702b3048
05599404-b402-440f-8977-05320727489f,2025-04-07 10:24:03.458169+00,Desert Eagle | Tempête de minuit,99999,99999,99999,false,false,https://raw.githubusercontent.com/ByMykel/counter-strike-image-tracker/main/static/panorama/images/econ/default_generated/weapon_deagle_am_seastorm_light_png.png,0,0.75,0e141472-fe11-428d-8d57-51d04036f2fa,22afba53-2376-4f1b-bc63-1647fc97556c,,c605ec91-ae5d-4a20-a642-3f9806071efc,,95879bde-7321-4555-883a-a0a3f4007807
c1e6f9c9-53b1-47a4-9bb6-31e2f27ec90f,2025-04-07 10:24:04.848396+00,Dual Berettas | BorDeux,99999,99999,99999,false,false,https://raw.githubusercontent.com/ByMykel/counter-strike-image-tracker/main/static/panorama/images/econ/default_generated/weapon_elite_soch_acrylic_grips_light_png.png,0,0.8,a801d55c-a2d0-4fb3-9dea-c7e4f1b1dd28,72817c51-f8f5-41f0-b586-1c5c6ee127e0,,bca54d16-e962-47cb-996f-cf68a32896ea,,4cd2a25e-bfaf-4e62-917a-a8e2c6682d34
50d4893d-9f9f-4639-9e08-2863fd77ac83,2025-04-07 10:24:04.848396+00,Dual Berettas | Polished Malachite,99999,99999,99999,false,false,https://raw.githubusercontent.com/ByMykel/counter-strike-image-tracker/main/static/panorama/images/econ/default_generated/weapon_elite_soch_marble_grips_light_png.png,0,0.8,a801d55c-a2d0-4fb3-9dea-c7e4f1b1dd28,22afba53-2376-4f1b-bc63-1647fc97556c,,bd92534f-ca55-4ca9-a9fb-45ae3799e036,,423dfc47-48bd-4cbd-90a9-941adf71e639
dea20154-0d67-4681-89ce-134e3a9c09e7,2025-04-07 10:24:04.848396+00,Dual Berettas | Rose Nacre,99999,99999,99999,false,false,https://raw.githubusercontent.com/ByMykel/counter-strike-image-tracker/main/static/panorama/images/econ/default_generated/weapon_elite_soo_rose_gold_light_png.png,0,0.7,a801d55c-a2d0-4fb3-9dea-c7e4f1b1dd28,22afba53-2376-4f1b-bc63-1647fc97556c,,bca54d16-e962-47cb-996f-cf68a32896ea,,bda28689-0e2b-4bcd-af8e-4ba88c957339
882cc987-33c4-404f-bb34-2810afcefa7c,2025-04-07 10:24:06.342079+00,FAMAS | 2A2F,99999,99999,99999,false,false,https://raw.githubusercontent.com/ByMykel/counter-strike-image-tracker/main/static/panorama/images/econ/default_generated/weapon_famas_gs_train_car_famas_light_png.png,0,0.86,6ca8f977-6dc2-4a36-b99e-80e23886d586,095abe9f-361a-412a-a65c-845c7c5bf334,,34404936-2d1d-4161-8bd9-3aa1b1926d27,,d81fd0f2-9b75-462f-b12b-4d8efd1c4ee9
46202915-ace9-4bda-89ee-433dfc9075c1,2025-04-07 10:24:04.848396+00,FAMAS | Bad Trip,99999,99999,99999,true,false,https://raw.githubusercontent.com/ByMykel/counter-strike-image-tracker/main/static/panorama/images/econ/default_generated/weapon_famas_famas_badtrip_light_png.png,0,1,6ca8f977-6dc2-4a36-b99e-80e23886d586,3b4de0c0-fd22-4c55-8222-968a2cea4db5,,c605ec91-ae5d-4a20-a642-3f9806071efc,,e976202f-178c-4189-87ac-a4fa702b3048
ebf60ae3-9368-4447-b714-6e35d1f98016,2025-04-07 10:24:06.342079+00,FAMAS | Grey Ghost,99999,99999,99999,false,false,https://raw.githubusercontent.com/ByMykel/counter-strike-image-tracker/main/static/panorama/images/econ/default_generated/weapon_famas_soo_famas_grey_ghost_light_png.png,0,0.637288,6ca8f977-6dc2-4a36-b99e-80e23886d586,22afba53-2376-4f1b-bc63-1647fc97556c,,34404936-2d1d-4161-8bd9-3aa1b1926d27,,4cd2a25e-bfaf-4e62-917a-a8e2c6682d34
830fa383-e6f5-4b5e-a7ef-73b237fcd1f0,2025-04-07 10:24:06.342079+00,FAMAS | Palmier,99999,99999,99999,false,false,https://raw.githubusercontent.com/ByMykel/counter-strike-image-tracker/main/static/panorama/images/econ/default_generated/weapon_famas_spo_palm_light_png.png,0,0.75,6ca8f977-6dc2-4a36-b99e-80e23886d586,72817c51-f8f5-41f0-b586-1c5c6ee127e0,,34404936-2d1d-4161-8bd9-3aa1b1926d27,,423dfc47-48bd-4cbd-90a9-941adf71e639
06abdc59-08bf-4f1f-b9b3-4d37b0e0a2ba,2025-04-07 10:24:06.342079+00,FAMAS | Yeti Camo,99999,99999,99999,false,false,https://raw.githubusercontent.com/ByMykel/counter-strike-image-tracker/main/static/panorama/images/econ/default_generated/weapon_famas_soe_blue_famas_light_png.png,0,0.7,6ca8f977-6dc2-4a36-b99e-80e23886d586,095abe9f-361a-412a-a65c-845c7c5bf334,,bd92534f-ca55-4ca9-a9fb-45ae3799e036,,bda28689-0e2b-4bcd-af8e-4ba88c957339
e2e2ef97-6101-4bd5-9f9d-34223474dfd2,2025-04-07 10:24:08.102704+00,Five-SeveN | Autumn Thicket,99999,99999,99999,false,false,https://raw.githubusercontent.com/ByMykel/counter-strike-image-tracker/main/static/panorama/images/econ/default_generated/weapon_fiveseven_soo_branches_light_png.png,0,0.636986,6806b55d-e3c9-4577-82d2-44e9ace015a2,72817c51-f8f5-41f0-b586-1c5c6ee127e0,,34404936-2d1d-4161-8bd9-3aa1b1926d27,,4cd2a25e-bfaf-4e62-917a-a8e2c6682d34
51729ef5-5f57-440d-b42a-7c3b95cd1c6e,2025-04-07 10:24:06.342079+00,Five-SeveN | Sky Blue,99999,99999,99999,false,false,https://raw.githubusercontent.com/ByMykel/counter-strike-image-tracker/main/static/panorama/images/econ/default_generated/weapon_fiveseven_soe_blue_and_chrome_light_png.png,0,0.6,6806b55d-e3c9-4577-82d2-44e9ace015a2,22afba53-2376-4f1b-bc63-1647fc97556c,,bca54d16-e962-47cb-996f-cf68a32896ea,,bda28689-0e2b-4bcd-af8e-4ba88c957339
94b4f576-1c61-4ec2-8158-61f055e11e5a,2025-04-07 10:24:08.102704+00,G3SG1 | Camouflage arctique,99999,99999,99999,false,false,https://raw.githubusercontent.com/ByMykel/counter-strike-image-tracker/main/static/panorama/images/econ/default_generated/weapon_g3sg1_hy_arctic_light_png.png,0.06,0.8,d2d6a47a-476b-49f4-8c2e-a79313442464,22afba53-2376-4f1b-bc63-1647fc97556c,,bd92534f-ca55-4ca9-a9fb-45ae3799e036,,01ad5def-7369-4d56-ac4f-e023c283d0b3
25bd469a-879d-46b9-b7cb-df84d09e7901,2025-04-07 10:24:08.102704+00,G3SG1 | Green Cell,99999,99999,99999,false,false,https://raw.githubusercontent.com/ByMykel/counter-strike-image-tracker/main/static/panorama/images/econ/default_generated/weapon_g3sg1_sp_khaki_camo_light_png.png,0,0.65,d2d6a47a-476b-49f4-8c2e-a79313442464,72817c51-f8f5-41f0-b586-1c5c6ee127e0,,34404936-2d1d-4161-8bd9-3aa1b1926d27,,423dfc47-48bd-4cbd-90a9-941adf71e639
8389544a-223e-42bb-b04c-fdd16ce75ab3,2025-04-07 10:24:08.102704+00,G3SG1 | Red Jasper,99999,99999,99999,false,false,https://raw.githubusercontent.com/ByMykel/counter-strike-image-tracker/main/static/panorama/images/econ/default_generated/weapon_g3sg1_soo_g3sg1_tomato_light_png.png,0,0.637288,d2d6a47a-476b-49f4-8c2e-a79313442464,72817c51-f8f5-41f0-b586-1c5c6ee127e0,,bd92534f-ca55-4ca9-a9fb-45ae3799e036,,4cd2a25e-bfaf-4e62-917a-a8e2c6682d34
aa6149d5-652b-4a52-8988-d21ac2b1c4c1,2025-04-07 10:24:09.709786+00,Galil AR | Acid Dart,99999,99999,99999,false,false,https://raw.githubusercontent.com/ByMykel/counter-strike-image-tracker/main/static/panorama/images/econ/default_generated/weapon_galilar_hye_yellow_usaf_light_png.png,0,0.6,007044c3-4e8f-47bd-bbfb-980daf9f893f,22afba53-2376-4f1b-bc63-1647fc97556c,,bd92534f-ca55-4ca9-a9fb-45ae3799e036,,423dfc47-48bd-4cbd-90a9-941adf71e639
52c1c365-9367-44b7-8cce-904f8c781f45,2025-04-07 10:24:08.102704+00,Galil AR | Control,99999,99999,99999,true,false,https://raw.githubusercontent.com/ByMykel/counter-strike-image-tracker/main/static/panorama/images/econ/default_generated/weapon_galilar_galil_control_strike_light_png.png,0,0.798995,007044c3-4e8f-47bd-bbfb-980daf9f893f,8cf26468-56a6-4fff-a6df-8f2b46c044a8,,18b4f8e5-e41e-4d09-9f14-282b8685e546,,e976202f-178c-4189-87ac-a4fa702b3048
ab035049-be74-4036-b179-c87f44d79c94,2025-04-07 10:24:09.709786+00,Galil AR | Grey Smoke,99999,99999,99999,false,false,https://raw.githubusercontent.com/ByMykel/counter-strike-image-tracker/main/static/panorama/images/econ/default_generated/weapon_galilar_soch_blorb_bw_galilar_light_png.png,0,0.6,007044c3-4e8f-47bd-bbfb-980daf9f893f,72817c51-f8f5-41f0-b586-1c5c6ee127e0,,34404936-2d1d-4161-8bd9-3aa1b1926d27,,bda28689-0e2b-4bcd-af8e-4ba88c957339
032756ef-55b8-4e5d-bfc2-d0234f34075c,2025-04-07 10:24:09.709786+00,Galil AR | O-Ranger,99999,99999,99999,false,false,https://raw.githubusercontent.com/ByMykel/counter-strike-image-tracker/main/static/panorama/images/econ/default_generated/weapon_galilar_soe_orange_flick_light_png.png,0,0.75,007044c3-4e8f-47bd-bbfb-980daf9f893f,22afba53-2376-4f1b-bc63-1647fc97556c,,18b4f8e5-e41e-4d09-9f14-282b8685e546,,4cd2a25e-bfaf-4e62-917a-a8e2c6682d34
ce9f0a9d-b74a-4d24-bb72-cf0f5aeb2b4d,2025-04-07 10:24:09.709786+00,Galil AR | Pomme verte,99999,99999,99999,false,false,https://raw.githubusercontent.com/ByMykel/counter-strike-image-tracker/main/static/panorama/images/econ/default_generated/weapon_galilar_so_green_light_png.png,0,0.3,007044c3-4e8f-47bd-bbfb-980daf9f893f,22afba53-2376-4f1b-bc63-1647fc97556c,,bca54d16-e962-47cb-996f-cf68a32896ea,,d81fd0f2-9b75-462f-b12b-4d8efd1c4ee9
93fc67a6-e1c9-496a-9023-8914d1f0e9c5,2025-04-07 10:24:09.709786+00,Galil AR | Robin's Egg,99999,99999,99999,false,false,https://raw.githubusercontent.com/ByMykel/counter-strike-image-tracker/main/static/panorama/images/econ/default_generated/weapon_galilar_soe_robinsegg_light_png.png,0,0.6,007044c3-4e8f-47bd-bbfb-980daf9f893f,22afba53-2376-4f1b-bc63-1647fc97556c,,bd92534f-ca55-4ca9-a9fb-45ae3799e036,,bda28689-0e2b-4bcd-af8e-4ba88c957339
84b43af7-d3a5-4987-8542-09b7fe2499cf,2025-04-07 10:24:11.318004+00,Glock-18 | Coral Bloom,99999,99999,99999,false,false,https://raw.githubusercontent.com/ByMykel/counter-strike-image-tracker/main/static/panorama/images/econ/default_generated/weapon_glock_soe_roses_light_png.png,0,0.752941,fb16631c-6e71-497d-abab-ee8f50d8e416,095abe9f-361a-412a-a65c-845c7c5bf334,,34404936-2d1d-4161-8bd9-3aa1b1926d27,,4cd2a25e-bfaf-4e62-917a-a8e2c6682d34
cc52d2a3-09f1-4350-9703-751abe63fc46,2025-04-07 10:24:11.318004+00,Glock-18 | Glockingbird,99999,99999,99999,false,false,https://raw.githubusercontent.com/ByMykel/counter-strike-image-tracker/main/static/panorama/images/econ/default_generated/weapon_glock_spe_missile_light_png.png,0,0.67,fb16631c-6e71-497d-abab-ee8f50d8e416,8cf26468-56a6-4fff-a6df-8f2b46c044a8,,bd92534f-ca55-4ca9-a9fb-45ae3799e036,,423dfc47-48bd-4cbd-90a9-941adf71e639
cd3b7265-a90c-4ece-8a62-fef46e396f5f,2025-04-07 10:24:09.709786+00,Glock-18 | Green Line,99999,99999,99999,false,false,https://raw.githubusercontent.com/ByMykel/counter-strike-image-tracker/main/static/panorama/images/econ/default_generated/weapon_glock_glock_train_green_light_png.png,0,1,fb16631c-6e71-497d-abab-ee8f50d8e416,095abe9f-361a-412a-a65c-845c7c5bf334,,18b4f8e5-e41e-4d09-9f14-282b8685e546,,d81fd0f2-9b75-462f-b12b-4d8efd1c4ee9
00135b67-1b73-4de7-97e0-3f6ffbea5f7c,2025-04-07 10:24:11.318004+00,Glock-18 | Ocean Topo,99999,99999,99999,false,false,https://raw.githubusercontent.com/ByMykel/counter-strike-image-tracker/main/static/panorama/images/econ/default_generated/weapon_glock_hye_topo_light_png.png,0,0.6,fb16631c-6e71-497d-abab-ee8f50d8e416,22afba53-2376-4f1b-bc63-1647fc97556c,,c605ec91-ae5d-4a20-a642-3f9806071efc,,bda28689-0e2b-4bcd-af8e-4ba88c957339
e1ee0a2a-2132-4259-a859-7615d46a965b,2025-04-07 10:24:09.709786+00,Glock-18 | Shinobu,99999,99999,99999,true,false,https://raw.githubusercontent.com/ByMykel/counter-strike-image-tracker/main/static/panorama/images/econ/default_generated/weapon_glock_glock_shinobu_light_png.png,0,1,fb16631c-6e71-497d-abab-ee8f50d8e416,b31ba83b-f395-4c74-beb6-da418aefa40d,,34404936-2d1d-4161-8bd9-3aa1b1926d27,,e976202f-178c-4189-87ac-a4fa702b3048
55acd6ee-133f-4f5e-b2fe-0ba62301e093,2025-04-07 10:24:21.729022+00,M249 | Sage Camo,99999,99999,99999,false,false,https://raw.githubusercontent.com/ByMykel/counter-strike-image-tracker/main/static/panorama/images/econ/default_generated/weapon_m249_hyo_jungle_desat_light_png.png,0,0.6,67feb386-f8ed-4a31-a69e-a11a06b97658,72817c51-f8f5-41f0-b586-1c5c6ee127e0,,c605ec91-ae5d-4a20-a642-3f9806071efc,,423dfc47-48bd-4cbd-90a9-941adf71e639
d9028612-c441-4637-80d1-3df5e44ceb2f,2025-04-07 10:24:23.139508+00,M4A1-S | Glitched Paint,99999,99999,99999,false,false,https://raw.githubusercontent.com/ByMykel/counter-strike-image-tracker/main/static/panorama/images/econ/default_generated/weapon_m4a1_silencer_ht_abstract_wind_light_png.png,0,0.67,cba2c03a-aa2b-4dcc-8dae-0ed02b77c9be,8cf26468-56a6-4fff-a6df-8f2b46c044a8,,18b4f8e5-e41e-4d09-9f14-282b8685e546,,4cd2a25e-bfaf-4e62-917a-a8e2c6682d34
3b00a3ce-67cd-4828-9aba-3b19d9303ac7,2025-04-07 10:24:23.139508+00,M4A1-S | Rose Hex,99999,99999,99999,false,false,https://raw.githubusercontent.com/ByMykel/counter-strike-image-tracker/main/static/panorama/images/econ/default_generated/weapon_m4a1_silencer_hy_hexagon_light_png.png,0,0.5,cba2c03a-aa2b-4dcc-8dae-0ed02b77c9be,095abe9f-361a-412a-a65c-845c7c5bf334,,bd92534f-ca55-4ca9-a9fb-45ae3799e036,,4cd2a25e-bfaf-4e62-917a-a8e2c6682d34
07ff3079-e5a6-4f4f-ae6f-266a2e7c7889,2025-04-07 10:24:23.139508+00,M4A1-S | Stratosphere,99999,99999,99999,false,false,https://raw.githubusercontent.com/ByMykel/counter-strike-image-tracker/main/static/panorama/images/econ/default_generated/weapon_m4a1_silencer_cue_stratosphere_light_png.png,0,0.8,cba2c03a-aa2b-4dcc-8dae-0ed02b77c9be,b31ba83b-f395-4c74-beb6-da418aefa40d,,bca54d16-e962-47cb-996f-cf68a32896ea,,bda28689-0e2b-4bcd-af8e-4ba88c957339
a9cfc25b-0fbf-4cd7-9d6a-e1bda2427e1b,2025-04-07 10:24:23.139508+00,M4A4 | Choppa,99999,99999,99999,true,false,https://raw.githubusercontent.com/ByMykel/counter-strike-image-tracker/main/static/panorama/images/econ/default_generated/weapon_m4a1_m4a4_green_camo_light_png.png,0,1,eb4d3a68-f86d-46b2-be4e-44f066258c53,095abe9f-361a-412a-a65c-845c7c5bf334,,bca54d16-e962-47cb-996f-cf68a32896ea,,e976202f-178c-4189-87ac-a4fa702b3048
0050bd6e-ea2b-4216-b09d-3f0c3440998f,2025-04-07 10:24:23.139508+00,M4A4 | Hellish,99999,99999,99999,false,false,https://raw.githubusercontent.com/ByMykel/counter-strike-image-tracker/main/static/panorama/images/econ/default_generated/weapon_m4a1_cu_m4a4_train_hell_light_png.png,0,1,eb4d3a68-f86d-46b2-be4e-44f066258c53,b31ba83b-f395-4c74-beb6-da418aefa40d,,bd92534f-ca55-4ca9-a9fb-45ae3799e036,,d81fd0f2-9b75-462f-b12b-4d8efd1c4ee9
e523cd16-1de6-436d-90de-d0e3fedb3334,2025-04-07 10:24:21.729022+00,M4A4 | Hurlement,99999,99999,99999,true,false,https://raw.githubusercontent.com/ByMykel/counter-strike-image-tracker/main/static/panorama/images/econ/default_generated/weapon_m4a1_cu_m4a1_howling_light_png.png,0,0.4,eb4d3a68-f86d-46b2-be4e-44f066258c53,9351a070-5bea-4461-9f37-2d4535c5fbea,,bd92534f-ca55-4ca9-a9fb-45ae3799e036,,Unknown
ee0e6e5d-9970-4d0b-b9b6-95c6c89d72db,2025-04-07 10:24:23.139508+00,M4A4 | Naval Shred Camo,99999,99999,99999,false,false,https://raw.githubusercontent.com/ByMykel/counter-strike-image-tracker/main/static/panorama/images/econ/default_generated/weapon_m4a1_hye_blue_m4a4_light_png.png,0,0.6,eb4d3a68-f86d-46b2-be4e-44f066258c53,22afba53-2376-4f1b-bc63-1647fc97556c,,18b4f8e5-e41e-4d09-9f14-282b8685e546,,bda28689-0e2b-4bcd-af8e-4ba88c957339
e373d1e5-b940-45d5-b061-4b0d7054bf02,2025-04-07 10:24:24.469957+00,M4A4 | Sheet Lightning,99999,99999,99999,false,false,https://raw.githubusercontent.com/ByMykel/counter-strike-image-tracker/main/static/panorama/images/econ/default_generated/weapon_m4a1_spe_lightning_light_png.png,0,0.75,eb4d3a68-f86d-46b2-be4e-44f066258c53,8cf26468-56a6-4fff-a6df-8f2b46c044a8,,18b4f8e5-e41e-4d09-9f14-282b8685e546,,423dfc47-48bd-4cbd-90a9-941adf71e639
ab44bc9c-b1e0-4d4f-91c4-5dd313f1c529,2025-04-07 10:24:23.139508+00,M4A4 | Steel Work,99999,99999,99999,false,false,https://raw.githubusercontent.com/ByMykel/counter-strike-image-tracker/main/static/panorama/images/econ/default_generated/weapon_m4a1_ht_metal_edges_light_png.png,0,0.7,eb4d3a68-f86d-46b2-be4e-44f066258c53,22afba53-2376-4f1b-bc63-1647fc97556c,,bd92534f-ca55-4ca9-a9fb-45ae3799e036,,4cd2a25e-bfaf-4e62-917a-a8e2c6682d34
25508ce1-d8b3-4ab9-832b-51db9bda9d75,2025-04-07 10:24:24.469957+00,MAC-10 | Acid Hex,99999,99999,99999,false,false,https://raw.githubusercontent.com/ByMykel/counter-strike-image-tracker/main/static/panorama/images/econ/default_generated/weapon_mac10_hye_green_camo_light_png.png,0,0.58,fd6eedce-af36-43df-b484-aab1a6404846,22afba53-2376-4f1b-bc63-1647fc97556c,,18b4f8e5-e41e-4d09-9f14-282b8685e546,,423dfc47-48bd-4cbd-90a9-941adf71e639
9b168108-d7ed-404e-b1c6-10494bd872d2,2025-04-07 10:24:24.469957+00,MAC-10 | Bronzer,99999,99999,99999,false,false,https://raw.githubusercontent.com/ByMykel/counter-strike-image-tracker/main/static/panorama/images/econ/default_generated/weapon_mac10_so_bronze_powder_light_png.png,0,0.8,fd6eedce-af36-43df-b484-aab1a6404846,72817c51-f8f5-41f0-b586-1c5c6ee127e0,,bd92534f-ca55-4ca9-a9fb-45ae3799e036,,4cd2a25e-bfaf-4e62-917a-a8e2c6682d34
38c62fb1-aef4-4321-ad78-3babcdfbba77,2025-04-07 10:24:24.469957+00,MAC-10 | Derailment,99999,99999,99999,false,false,https://raw.githubusercontent.com/ByMykel/counter-strike-image-tracker/main/static/panorama/images/econ/default_generated/weapon_mac10_mac10_train_crash_light_png.png,0,0.7,fd6eedce-af36-43df-b484-aab1a6404846,8cf26468-56a6-4fff-a6df-8f2b46c044a8,,34404936-2d1d-4161-8bd9-3aa1b1926d27,,d81fd0f2-9b75-462f-b12b-4d8efd1c4ee9
6abb3a85-cdb2-4013-9825-1d96499bbe12,2025-04-07 10:24:24.469957+00,MAC-10 | Poplar Thicket,99999,99999,99999,false,false,https://raw.githubusercontent.com/ByMykel/counter-strike-image-tracker/main/static/panorama/images/econ/default_generated/weapon_mac10_hye_green_forest_light_png.png,0,0.68,fd6eedce-af36-43df-b484-aab1a6404846,095abe9f-361a-412a-a65c-845c7c5bf334,,bca54d16-e962-47cb-996f-cf68a32896ea,,423dfc47-48bd-4cbd-90a9-941adf71e639
f747c60d-515c-4655-9fee-16cd8a1982e3,2025-04-07 10:24:25.959981+00,MAC-10 | Storm Camo,99999,99999,99999,false,false,https://raw.githubusercontent.com/ByMykel/counter-strike-image-tracker/main/static/panorama/images/econ/default_generated/weapon_mac10_soo_mac10_blueberry_light_png.png,0,0.637288,fd6eedce-af36-43df-b484-aab1a6404846,72817c51-f8f5-41f0-b586-1c5c6ee127e0,,bd92534f-ca55-4ca9-a9fb-45ae3799e036,,bda28689-0e2b-4bcd-af8e-4ba88c957339
a1dcd23f-2fad-4936-b7ec-2dd44c17cedc,2025-04-07 10:24:25.959981+00,MAG-7 | Copper Oxide,99999,99999,99999,false,false,https://raw.githubusercontent.com/ByMykel/counter-strike-image-tracker/main/static/panorama/images/econ/default_generated/weapon_mag7_so_greyblue_light_png.png,0,0.65,842540f2-f54e-4e21-a77a-a32b3c3b901a,72817c51-f8f5-41f0-b586-1c5c6ee127e0,,34404936-2d1d-4161-8bd9-3aa1b1926d27,,423dfc47-48bd-4cbd-90a9-941adf71e639
a5c91883-6dc7-4aaa-989a-66f396fd33e2,2025-04-07 10:24:25.959981+00,MAG-7 | Resupply,99999,99999,99999,true,false,https://raw.githubusercontent.com/ByMykel/counter-strike-image-tracker/main/static/panorama/images/econ/default_generated/weapon_mag7_mag7_ammo_box_light_png.png,0,1,842540f2-f54e-4e21-a77a-a32b3c3b901a,095abe9f-361a-412a-a65c-845c7c5bf334,,18b4f8e5-e41e-4d09-9f14-282b8685e546,,e976202f-178c-4189-87ac-a4fa702b3048
ffb8a198-05c0-48d1-b830-39ea2f9bbc1f,2025-04-07 10:24:25.959981+00,MP5SD | Gold Leaf,99999,99999,99999,false,false,https://raw.githubusercontent.com/ByMykel/counter-strike-image-tracker/main/static/panorama/images/econ/default_generated/weapon_mp5sd_hye_gold_camo_light_png.png,0,0.6,58b1b2ec-09e3-4c53-9b95-35e1daed6536,095abe9f-361a-412a-a65c-845c7c5bf334,,18b4f8e5-e41e-4d09-9f14-282b8685e546,,423dfc47-48bd-4cbd-90a9-941adf71e639
fffacf36-4ac0-4d55-a636-8322d64ce873,2025-04-07 10:24:27.339701+00,MP5SD | Lime Hex,99999,99999,99999,false,false,https://raw.githubusercontent.com/ByMykel/counter-strike-image-tracker/main/static/panorama/images/econ/default_generated/weapon_mp5sd_sp_lime_hex_light_png.png,0,0.638225,58b1b2ec-09e3-4c53-9b95-35e1daed6536,72817c51-f8f5-41f0-b586-1c5c6ee127e0,,bd92534f-ca55-4ca9-a9fb-45ae3799e036,,bda28689-0e2b-4bcd-af8e-4ba88c957339
33f63696-98d3-4c63-8e97-43753dd5e0de,2025-04-07 10:24:25.959981+00,MP5SD | Rats de laboratoire,99999,99999,99999,false,true,https://raw.githubusercontent.com/ByMykel/counter-strike-image-tracker/main/static/panorama/images/econ/default_generated/weapon_mp5sd_hy_labrat_mp5_light_png.png,0,0.35,58b1b2ec-09e3-4c53-9b95-35e1daed6536,8cf26468-56a6-4fff-a6df-8f2b46c044a8,,bca54d16-e962-47cb-996f-cf68a32896ea,,474f03c5-d0c3-492f-88f7-534243867437
a40e4462-298c-4a96-ba21-acc2323e2b39,2025-04-07 10:24:27.339701+00,MP7 | Short Ochre,99999,99999,99999,false,false,https://raw.githubusercontent.com/ByMykel/counter-strike-image-tracker/main/static/panorama/images/econ/default_generated/weapon_mp7_so_mustard_light_png.png,0,0.746575,9423cfe9-1fc6-495c-b387-ac1f2787ee97,72817c51-f8f5-41f0-b586-1c5c6ee127e0,,18b4f8e5-e41e-4d09-9f14-282b8685e546,,4cd2a25e-bfaf-4e62-917a-a8e2c6682d34
7e7c455a-41f7-4cb9-8670-eadf72e0cd16,2025-04-07 10:24:28.866733+00,MP9 | Buff Blue,99999,99999,99999,false,false,https://raw.githubusercontent.com/ByMykel/counter-strike-image-tracker/main/static/panorama/images/econ/default_generated/weapon_mp9_ht_blue_edges_light_png.png,0,0.7,a12774e5-1724-4010-87e1-63793990c73e,72817c51-f8f5-41f0-b586-1c5c6ee127e0,,bd92534f-ca55-4ca9-a9fb-45ae3799e036,,bda28689-0e2b-4bcd-af8e-4ba88c957339
84096ab4-1857-4198-9adc-a86a594bc841,2025-04-07 10:24:28.866733+00,MP9 | Cobalt Paisley,99999,99999,99999,false,false,https://raw.githubusercontent.com/ByMykel/counter-strike-image-tracker/main/static/panorama/images/econ/default_generated/weapon_mp9_hye_blue_paisley_light_png.png,0,0.65,a12774e5-1724-4010-87e1-63793990c73e,095abe9f-361a-412a-a65c-845c7c5bf334,,18b4f8e5-e41e-4d09-9f14-282b8685e546,,bda28689-0e2b-4bcd-af8e-4ba88c957339
4655ba76-68c7-4b91-a7ed-e5df32a60e96,2025-04-07 10:24:27.339701+00,MP9 | Latte Rush,99999,99999,99999,false,false,https://raw.githubusercontent.com/ByMykel/counter-strike-image-tracker/main/static/panorama/images/econ/default_generated/weapon_mp9_cu_mp9_latte_light_png.png,0,1,a12774e5-1724-4010-87e1-63793990c73e,b31ba83b-f395-4c74-beb6-da418aefa40d,,34404936-2d1d-4161-8bd9-3aa1b1926d27,,d81fd0f2-9b75-462f-b12b-4d8efd1c4ee9
a19369f8-a7bc-4196-a6c2-eae624faaee5,2025-04-07 10:24:28.866733+00,MP9 | Multi-Terrain,99999,99999,99999,false,false,https://raw.githubusercontent.com/ByMykel/counter-strike-image-tracker/main/static/panorama/images/econ/default_generated/weapon_mp9_hy_mtp_light_png.png,0,0.6,a12774e5-1724-4010-87e1-63793990c73e,72817c51-f8f5-41f0-b586-1c5c6ee127e0,,bca54d16-e962-47cb-996f-cf68a32896ea,,4cd2a25e-bfaf-4e62-917a-a8e2c6682d34
5668e5d0-f61c-4756-92d1-dc5512432317,2025-04-07 10:24:28.866733+00,MP9 | Nexus,99999,99999,99999,true,false,https://raw.githubusercontent.com/ByMykel/counter-strike-image-tracker/main/static/panorama/images/econ/default_generated/weapon_mp9_mp9_nexus_light_png.png,0,1,a12774e5-1724-4010-87e1-63793990c73e,095abe9f-361a-412a-a65c-845c7c5bf334,,c605ec91-ae5d-4a20-a642-3f9806071efc,,e976202f-178c-4189-87ac-a4fa702b3048
7e3efb6f-a2f7-4dc9-8398-2bd40d380015,2025-04-07 10:24:28.866733+00,MP9 | Pine,99999,99999,99999,false,false,https://raw.githubusercontent.com/ByMykel/counter-strike-image-tracker/main/static/panorama/images/econ/default_generated/weapon_mp9_soe_alpine_green_light_png.png,0,0.7,a12774e5-1724-4010-87e1-63793990c73e,72817c51-f8f5-41f0-b586-1c5c6ee127e0,,bca54d16-e962-47cb-996f-cf68a32896ea,,423dfc47-48bd-4cbd-90a9-941adf71e639
76270930-6edf-4634-bcdf-ba6e6d082e71,2025-04-07 10:24:28.866733+00,MP9 | Shredded,99999,99999,99999,false,false,https://raw.githubusercontent.com/ByMykel/counter-strike-image-tracker/main/static/panorama/images/econ/default_generated/weapon_mp9_hye_pink_tiger_light_png.png,0,0.6,a12774e5-1724-4010-87e1-63793990c73e,095abe9f-361a-412a-a65c-845c7c5bf334,,bd92534f-ca55-4ca9-a9fb-45ae3799e036,,4cd2a25e-bfaf-4e62-917a-a8e2c6682d34
4c687e87-e4b0-4f13-97dc-352aba1a978c,2025-04-07 10:24:28.866733+00,Negev | Raw Ceramic,99999,99999,99999,false,false,https://raw.githubusercontent.com/ByMykel/counter-strike-image-tracker/main/static/panorama/images/econ/default_generated/weapon_negev_so_ceramic_negev_light_png.png,0,0.75,e4018ae7-2a9d-45eb-9cb8-a8430abf5a72,72817c51-f8f5-41f0-b586-1c5c6ee127e0,,bca54d16-e962-47cb-996f-cf68a32896ea,,423dfc47-48bd-4cbd-90a9-941adf71e639
da5cbcf4-ea4b-444e-aa2d-b360669be9b2,2025-04-07 10:24:28.866733+00,Negev | Sour Grapes,99999,99999,99999,false,false,https://raw.githubusercontent.com/ByMykel/counter-strike-image-tracker/main/static/panorama/images/econ/default_generated/weapon_negev_soe_berry_light_png.png,0,0.8,e4018ae7-2a9d-45eb-9cb8-a8430abf5a72,22afba53-2376-4f1b-bc63-1647fc97556c,,18b4f8e5-e41e-4d09-9f14-282b8685e546,,bda28689-0e2b-4bcd-af8e-4ba88c957339
61026621-b459-4925-8390-0769c08bffc2,2025-04-07 10:24:30.357822+00,Nova | Marsh Grass,99999,99999,99999,false,false,https://raw.githubusercontent.com/ByMykel/counter-strike-image-tracker/main/static/panorama/images/econ/default_generated/weapon_nova_soo_grass_photo_camo_light_png.png,0,0.55,2cd61787-eeb7-4b71-9bef-e85247f95a81,72817c51-f8f5-41f0-b586-1c5c6ee127e0,,bd92534f-ca55-4ca9-a9fb-45ae3799e036,,4cd2a25e-bfaf-4e62-917a-a8e2c6682d34
bc8693a8-55df-4a41-ac61-be3092c3decf,2025-04-07 10:24:30.357822+00,Nova | Rain Station,99999,99999,99999,false,false,https://raw.githubusercontent.com/ByMykel/counter-strike-image-tracker/main/static/panorama/images/econ/default_generated/weapon_nova_train_shapes_01_light_png.png,0,0.35,2cd61787-eeb7-4b71-9bef-e85247f95a81,22afba53-2376-4f1b-bc63-1647fc97556c,,bd92534f-ca55-4ca9-a9fb-45ae3799e036,,d81fd0f2-9b75-462f-b12b-4d8efd1c4ee9
b2437e67-0850-474d-8923-a3c04d351852,2025-04-07 10:24:30.357822+00,Nova | Rising Sun,99999,99999,99999,true,false,https://raw.githubusercontent.com/ByMykel/counter-strike-image-tracker/main/static/panorama/images/econ/default_generated/weapon_nova_nova_rising_sun_light_png.png,0,1,2cd61787-eeb7-4b71-9bef-e85247f95a81,8cf26468-56a6-4fff-a6df-8f2b46c044a8,,18b4f8e5-e41e-4d09-9f14-282b8685e546,,e976202f-178c-4189-87ac-a4fa702b3048
3bccf3ae-d5b5-49f7-9c04-8bc0e2f7895f,2025-04-07 10:24:30.357822+00,Nova | Turquoise Pour,99999,99999,99999,false,false,https://raw.githubusercontent.com/ByMykel/counter-strike-image-tracker/main/static/panorama/images/econ/default_generated/weapon_nova_soo_acrylic_flow_turquoise_light_png.png,0,0.678431,2cd61787-eeb7-4b71-9bef-e85247f95a81,22afba53-2376-4f1b-bc63-1647fc97556c,,bca54d16-e962-47cb-996f-cf68a32896ea,,bda28689-0e2b-4bcd-af8e-4ba88c957339
6683753c-6599-4fc0-a204-9652380bb5b9,2025-04-07 10:24:11.318004+00,P2000 | Marsh,99999,99999,99999,false,false,https://raw.githubusercontent.com/ByMykel/counter-strike-image-tracker/main/static/panorama/images/econ/default_generated/weapon_hkp2000_soe_teal_glitter_light_png.png,0,0.6,aa1cdf01-3dda-4475-9b92-4e84947d1ba4,22afba53-2376-4f1b-bc63-1647fc97556c,,18b4f8e5-e41e-4d09-9f14-282b8685e546,,423dfc47-48bd-4cbd-90a9-941adf71e639
aff001a8-fdef-473b-9911-e207dc987ed2,2025-04-07 10:24:11.318004+00,P2000 | Royal Baroque,99999,99999,99999,false,false,https://raw.githubusercontent.com/ByMykel/counter-strike-image-tracker/main/static/panorama/images/econ/default_generated/weapon_hkp2000_spe_scarf_print_light_png.png,0,0.6,aa1cdf01-3dda-4475-9b92-4e84947d1ba4,095abe9f-361a-412a-a65c-845c7c5bf334,,bca54d16-e962-47cb-996f-cf68a32896ea,,bda28689-0e2b-4bcd-af8e-4ba88c957339
8e8cba6c-59ff-450d-83d5-0c09001ea8c3,2025-04-07 10:24:11.318004+00,P2000 | Sure Grip,99999,99999,99999,true,false,https://raw.githubusercontent.com/ByMykel/counter-strike-image-tracker/main/static/panorama/images/econ/default_generated/weapon_hkp2000_p2k_fractal_light_png.png,0,0.9,aa1cdf01-3dda-4475-9b92-4e84947d1ba4,095abe9f-361a-412a-a65c-845c7c5bf334,,c605ec91-ae5d-4a20-a642-3f9806071efc,,e976202f-178c-4189-87ac-a4fa702b3048
154d25c2-d5a3-4f97-bb84-ca1a11f53dd5,2025-04-07 10:24:30.357822+00,P250 | Constructivist,99999,99999,99999,false,false,https://raw.githubusercontent.com/ByMykel/counter-strike-image-tracker/main/static/panorama/images/econ/default_generated/weapon_p250_brutalist_architecture_light_png.png,0,0.35,33a0d644-a746-4302-b199-7292379ad2cc,22afba53-2376-4f1b-bc63-1647fc97556c,,bca54d16-e962-47cb-996f-cf68a32896ea,,d81fd0f2-9b75-462f-b12b-4d8efd1c4ee9
3d3d7ecf-a30c-420c-9e5b-674a4af37554,2025-04-07 10:24:31.941512+00,P250 | Copper Oxide,99999,99999,99999,false,false,https://raw.githubusercontent.com/ByMykel/counter-strike-image-tracker/main/static/panorama/images/econ/default_generated/weapon_p250_so_greyblue_p250_light_png.png,0,0.65,33a0d644-a746-4302-b199-7292379ad2cc,72817c51-f8f5-41f0-b586-1c5c6ee127e0,,c605ec91-ae5d-4a20-a642-3f9806071efc,,423dfc47-48bd-4cbd-90a9-941adf71e639
5a06f6a8-9b13-4d1b-85c3-5ba56811c250,2025-04-07 10:24:31.941512+00,P250 | Plum Netting,99999,99999,99999,false,false,https://raw.githubusercontent.com/ByMykel/counter-strike-image-tracker/main/static/panorama/images/econ/default_generated/weapon_p250_sp_lace_light_png.png,0,0.6,33a0d644-a746-4302-b199-7292379ad2cc,72817c51-f8f5-41f0-b586-1c5c6ee127e0,,bd92534f-ca55-4ca9-a9fb-45ae3799e036,,bda28689-0e2b-4bcd-af8e-4ba88c957339
8d6797d5-6245-41e1-8d2e-c5456a532917,2025-04-07 10:24:31.941512+00,P250 | Red Tide,99999,99999,99999,false,false,https://raw.githubusercontent.com/ByMykel/counter-strike-image-tracker/main/static/panorama/images/econ/default_generated/weapon_p250_hye_pink_coral_light_png.png,0,0.75,33a0d644-a746-4302-b199-7292379ad2cc,095abe9f-361a-412a-a65c-845c7c5bf334,,bd92534f-ca55-4ca9-a9fb-45ae3799e036,,4cd2a25e-bfaf-4e62-917a-a8e2c6682d34
15d87fe5-5c0d-4cf1-bb2b-72bf970505ed,2025-04-07 10:24:31.941512+00,P250 | Sedimentary,99999,99999,99999,false,false,https://raw.githubusercontent.com/ByMykel/counter-strike-image-tracker/main/static/panorama/images/econ/default_generated/weapon_p250_soe_yellow_swirl_light_png.png,0,0.68,33a0d644-a746-4302-b199-7292379ad2cc,22afba53-2376-4f1b-bc63-1647fc97556c,,c605ec91-ae5d-4a20-a642-3f9806071efc,,4cd2a25e-bfaf-4e62-917a-a8e2c6682d34
17b6f0db-b170-4f77-b010-d9e3063bb0d3,2025-04-07 10:24:31.941512+00,P90 | Blue Tac,99999,99999,99999,false,false,https://raw.githubusercontent.com/ByMykel/counter-strike-image-tracker/main/static/panorama/images/econ/default_generated/weapon_p90_hy_usaf_round_light_png.png,0,0.6,0459af47-ba3c-4d24-a7dc-48d80d46fcdb,72817c51-f8f5-41f0-b586-1c5c6ee127e0,,18b4f8e5-e41e-4d09-9f14-282b8685e546,,bda28689-0e2b-4bcd-af8e-4ba88c957339
aef877b5-ea53-4e15-8f4e-a68c78136b2d,2025-04-07 10:24:31.941512+00,P90 | Desert Halftone,99999,99999,99999,false,false,https://raw.githubusercontent.com/ByMykel/counter-strike-image-tracker/main/static/panorama/images/econ/default_generated/weapon_p90_ht_simple_camo_light_png.png,0,0.65,0459af47-ba3c-4d24-a7dc-48d80d46fcdb,72817c51-f8f5-41f0-b586-1c5c6ee127e0,,bca54d16-e962-47cb-996f-cf68a32896ea,,4cd2a25e-bfaf-4e62-917a-a8e2c6682d34
233e02f4-94c6-4d80-b077-4c468860a1d0,2025-04-07 10:24:31.941512+00,P90 | Mustard Gas,99999,99999,99999,false,false,https://raw.githubusercontent.com/ByMykel/counter-strike-image-tracker/main/static/panorama/images/econ/default_generated/weapon_p90_hye_zoom_light_png.png,0,0.63,0459af47-ba3c-4d24-a7dc-48d80d46fcdb,22afba53-2376-4f1b-bc63-1647fc97556c,,c605ec91-ae5d-4a20-a642-3f9806071efc,,423dfc47-48bd-4cbd-90a9-941adf71e639
578167cc-1296-4be0-882d-5912c665a68d,2025-04-07 10:24:31.941512+00,P90 | Reef Grief,99999,99999,99999,false,false,https://raw.githubusercontent.com/ByMykel/counter-strike-image-tracker/main/static/panorama/images/econ/default_generated/weapon_p90_hye_coral_light_png.png,0,0.6,0459af47-ba3c-4d24-a7dc-48d80d46fcdb,095abe9f-361a-412a-a65c-845c7c5bf334,,bca54d16-e962-47cb-996f-cf68a32896ea,,bda28689-0e2b-4bcd-af8e-4ba88c957339
93671a98-efb0-459a-bb00-2c306993adf2,2025-04-07 10:24:33.613612+00,P90 | Straight Dimes,99999,99999,99999,false,false,https://raw.githubusercontent.com/ByMykel/counter-strike-image-tracker/main/static/panorama/images/econ/default_generated/weapon_p90_p90_steelcraft_light_png.png,0,1,0459af47-ba3c-4d24-a7dc-48d80d46fcdb,22afba53-2376-4f1b-bc63-1647fc97556c,,c605ec91-ae5d-4a20-a642-3f9806071efc,,d81fd0f2-9b75-462f-b12b-4d8efd1c4ee9
dd36d9f8-ec5f-44bf-8100-dcdbc4170ff1,2025-04-07 10:24:31.941512+00,P90 | Wave Breaker,99999,99999,99999,true,false,https://raw.githubusercontent.com/ByMykel/counter-strike-image-tracker/main/static/panorama/images/econ/default_generated/weapon_p90_p90_boost_blue_light_png.png,0,0.950549,0459af47-ba3c-4d24-a7dc-48d80d46fcdb,8cf26468-56a6-4fff-a6df-8f2b46c044a8,,bd92534f-ca55-4ca9-a9fb-45ae3799e036,,e976202f-178c-4189-87ac-a4fa702b3048
5dd394f8-6930-4569-b79d-046efe6fb328,2025-04-07 10:24:01.82113+00,PP-Bizon | Wood Block Camo,99999,99999,99999,false,false,https://raw.githubusercontent.com/ByMykel/counter-strike-image-tracker/main/static/panorama/images/econ/default_generated/weapon_bizon_hy_wood_grain_camo_red_light_png.png,0,0.6,23a93509-7d28-4aab-9faa-f8adc64fffb8,72817c51-f8f5-41f0-b586-1c5c6ee127e0,,c605ec91-ae5d-4a20-a642-3f9806071efc,,4cd2a25e-bfaf-4e62-917a-a8e2c6682d34
19f2b62d-31fd-4b91-8c55-5dff070d255f,2025-04-07 10:24:33.613612+00,Révolver R8 | Cobalt Grip,99999,99999,99999,false,false,https://raw.githubusercontent.com/ByMykel/counter-strike-image-tracker/main/static/panorama/images/econ/default_generated/weapon_revolver_soch_indigo_grips_light_png.png,0,0.80339,3f6391ba-13bc-46a5-9a0f-4a4f53d8e00d,72817c51-f8f5-41f0-b586-1c5c6ee127e0,,34404936-2d1d-4161-8bd9-3aa1b1926d27,,bda28689-0e2b-4bcd-af8e-4ba88c957339
f8263d5a-4c79-403d-af43-ca4c51c2d6b6,2025-04-07 10:24:33.613612+00,Révolver R8 | Leafhopper,99999,99999,99999,false,false,https://raw.githubusercontent.com/ByMykel/counter-strike-image-tracker/main/static/panorama/images/econ/default_generated/weapon_revolver_aq_titanium_acid_light_png.png,0,0.65098,3f6391ba-13bc-46a5-9a0f-4a4f53d8e00d,22afba53-2376-4f1b-bc63-1647fc97556c,,bca54d16-e962-47cb-996f-cf68a32896ea,,423dfc47-48bd-4cbd-90a9-941adf71e639
d44ebd2e-fb55-4d9d-bf76-db0b4d7b137a,2025-04-07 10:24:33.613612+00,Sawed-Off | Runoff,99999,99999,99999,false,false,https://raw.githubusercontent.com/ByMykel/counter-strike-image-tracker/main/static/panorama/images/econ/default_generated/weapon_sawedoff_gsch_ripple_light_png.png,0,0.780822,10b50b2b-cb73-46eb-a068-679b79b4de32,72817c51-f8f5-41f0-b586-1c5c6ee127e0,,bca54d16-e962-47cb-996f-cf68a32896ea,,bda28689-0e2b-4bcd-af8e-4ba88c957339
a08f606e-5c83-416b-871f-98eb7f59e67c,2025-04-07 10:24:35.189927+00,SCAR-20 | Short Ochre,99999,99999,99999,false,false,https://raw.githubusercontent.com/ByMykel/counter-strike-image-tracker/main/static/panorama/images/econ/default_generated/weapon_scar20_so_mustard_scar20_light_png.png,0,0.746575,20f7a3e1-aa8a-4912-977a-14ec13a8c50f,72817c51-f8f5-41f0-b586-1c5c6ee127e0,,c605ec91-ae5d-4a20-a642-3f9806071efc,,4cd2a25e-bfaf-4e62-917a-a8e2c6682d34
4126581f-0ba7-42e5-8163-d5cbb659eac0,2025-04-07 10:24:36.522202+00,SG 553 | Basket Halftone,99999,99999,99999,false,false,https://raw.githubusercontent.com/ByMykel/counter-strike-image-tracker/main/static/panorama/images/econ/default_generated/weapon_sg556_ht_orange_basket_light_png.png,0,0.6,2eac1410-a659-43c1-b1fd-94ca27f56fe5,22afba53-2376-4f1b-bc63-1647fc97556c,,bca54d16-e962-47cb-996f-cf68a32896ea,,4cd2a25e-bfaf-4e62-917a-a8e2c6682d34
64314b28-5c27-4fc7-9405-c493397cb6af,2025-04-07 10:24:36.522202+00,SG 553 | Night Camo,99999,99999,99999,false,false,https://raw.githubusercontent.com/ByMykel/counter-strike-image-tracker/main/static/panorama/images/econ/default_generated/weapon_sg556_soo_blues_light_png.png,0,0.795222,2eac1410-a659-43c1-b1fd-94ca27f56fe5,72817c51-f8f5-41f0-b586-1c5c6ee127e0,,c605ec91-ae5d-4a20-a642-3f9806071efc,,bda28689-0e2b-4bcd-af8e-4ba88c957339
2350f668-e1a7-4d73-97c4-5e695c1d314d,2025-04-07 10:24:36.522202+00,SSG 08 | Blush Pour,99999,99999,99999,false,false,https://raw.githubusercontent.com/ByMykel/counter-strike-image-tracker/main/static/panorama/images/econ/default_generated/weapon_ssg08_soo_acrylic_flow_pink_light_png.png,0,0.678431,b4ec2aff-817f-431d-bc6b-9b1697b9a97b,095abe9f-361a-412a-a65c-845c7c5bf334,,bd92534f-ca55-4ca9-a9fb-45ae3799e036,,4cd2a25e-bfaf-4e62-917a-a8e2c6682d34
3aed2ac1-e6d0-4e72-9f13-cc3df3cea204,2025-04-07 10:24:36.522202+00,SSG 08 | Green Ceramic,99999,99999,99999,false,false,https://raw.githubusercontent.com/ByMykel/counter-strike-image-tracker/main/static/panorama/images/econ/default_generated/weapon_ssg08_so_ceramic_green_ssg08_light_png.png,0,0.75,b4ec2aff-817f-431d-bc6b-9b1697b9a97b,72817c51-f8f5-41f0-b586-1c5c6ee127e0,,bca54d16-e962-47cb-996f-cf68a32896ea,,423dfc47-48bd-4cbd-90a9-941adf71e639
9943bf8a-1a38-451b-a58c-a1e773e072c2,2025-04-07 10:24:36.522202+00,SSG 08 | Grey Smoke,99999,99999,99999,false,false,https://raw.githubusercontent.com/ByMykel/counter-strike-image-tracker/main/static/panorama/images/econ/default_generated/weapon_ssg08_soch_blorb_bw_light_png.png,0,0.6,b4ec2aff-817f-431d-bc6b-9b1697b9a97b,72817c51-f8f5-41f0-b586-1c5c6ee127e0,,bd92534f-ca55-4ca9-a9fb-45ae3799e036,,bda28689-0e2b-4bcd-af8e-4ba88c957339
30f1b97a-7e95-43dc-8f4a-5568410e16b4,2025-04-07 10:24:36.522202+00,SSG 08 | Memorial,99999,99999,99999,true,false,https://raw.githubusercontent.com/ByMykel/counter-strike-image-tracker/main/static/panorama/images/econ/default_generated/weapon_ssg08_ssg08_brutalist_light_png.png,0,1,b4ec2aff-817f-431d-bc6b-9b1697b9a97b,095abe9f-361a-412a-a65c-845c7c5bf334,,bd92534f-ca55-4ca9-a9fb-45ae3799e036,,e976202f-178c-4189-87ac-a4fa702b3048
b92408f1-fb74-4191-8f41-047c8e5ef068,2025-04-07 10:24:36.522202+00,SSG 08 | Tiger Tear,99999,99999,99999,false,false,https://raw.githubusercontent.com/ByMykel/counter-strike-image-tracker/main/static/panorama/images/econ/default_generated/weapon_ssg08_hye_tiger2_light_png.png,0,0.55,b4ec2aff-817f-431d-bc6b-9b1697b9a97b,22afba53-2376-4f1b-bc63-1647fc97556c,,bca54d16-e962-47cb-996f-cf68a32896ea,,423dfc47-48bd-4cbd-90a9-941adf71e639
137b2248-f20b-4d7e-adac-2d70b9dfce55,2025-04-07 10:24:37.926374+00,Tec-9 | Blanco,99999,99999,99999,false,false,https://raw.githubusercontent.com/ByMykel/counter-strike-image-tracker/main/static/panorama/images/econ/default_generated/weapon_tec9_so_whiteout_tec9_light_png.png,0.06,1,a099683f-ecbc-4ce6-93da-6af278b593ad,8cf26468-56a6-4fff-a6df-8f2b46c044a8,,bd92534f-ca55-4ca9-a9fb-45ae3799e036,,d81fd0f2-9b75-462f-b12b-4d8efd1c4ee9
09c7e9b2-dc40-4303-aa0a-61561236be2d,2025-04-07 10:24:37.926374+00,Tec-9 | Blue Blast,99999,99999,99999,false,false,https://raw.githubusercontent.com/ByMykel/counter-strike-image-tracker/main/static/panorama/images/econ/default_generated/weapon_tec9_so_teal_light_png.png,0,0.8,a099683f-ecbc-4ce6-93da-6af278b593ad,72817c51-f8f5-41f0-b586-1c5c6ee127e0,,c605ec91-ae5d-4a20-a642-3f9806071efc,,bda28689-0e2b-4bcd-af8e-4ba88c957339
45cce105-d678-4bcf-9d63-0868dceb0e5a,2025-04-07 10:24:37.926374+00,Tec-9 | Citric Acid,99999,99999,99999,false,false,https://raw.githubusercontent.com/ByMykel/counter-strike-image-tracker/main/static/panorama/images/econ/default_generated/weapon_tec9_soo_paint_splats_yellow_light_png.png,0,0.6,a099683f-ecbc-4ce6-93da-6af278b593ad,22afba53-2376-4f1b-bc63-1647fc97556c,,bd92534f-ca55-4ca9-a9fb-45ae3799e036,,4cd2a25e-bfaf-4e62-917a-a8e2c6682d34
3c3be756-1394-4e36-8d9b-d3bf2536ec06,2025-04-07 10:24:37.926374+00,Tec-9 | Garter-9,99999,99999,99999,false,false,https://raw.githubusercontent.com/ByMykel/counter-strike-image-tracker/main/static/panorama/images/econ/default_generated/weapon_tec9_soe_snakeskin_light_png.png,0,0.7,a099683f-ecbc-4ce6-93da-6af278b593ad,22afba53-2376-4f1b-bc63-1647fc97556c,,bd92534f-ca55-4ca9-a9fb-45ae3799e036,,423dfc47-48bd-4cbd-90a9-941adf71e639
a73a63d3-263e-45bc-9f47-2433d0e56847,2025-04-07 10:24:37.926374+00,Tec-9 | Raw Ceramic,99999,99999,99999,false,false,https://raw.githubusercontent.com/ByMykel/counter-strike-image-tracker/main/static/panorama/images/econ/default_generated/weapon_tec9_so_ceramic_light_png.png,0,0.75,a099683f-ecbc-4ce6-93da-6af278b593ad,72817c51-f8f5-41f0-b586-1c5c6ee127e0,,bca54d16-e962-47cb-996f-cf68a32896ea,,423dfc47-48bd-4cbd-90a9-941adf71e639
e97353da-fae3-4a09-86a6-f61c348fcada,2025-04-07 10:24:39.261091+00,UMP-45 | Green Swirl,99999,99999,99999,false,false,https://raw.githubusercontent.com/ByMykel/counter-strike-image-tracker/main/static/panorama/images/econ/default_generated/weapon_ump45_soch_hueshift_desat_light_png.png,0,0.7,ab7fe35c-5303-43f3-95b1-9b267e5f98f1,72817c51-f8f5-41f0-b586-1c5c6ee127e0,,bd92534f-ca55-4ca9-a9fb-45ae3799e036,,423dfc47-48bd-4cbd-90a9-941adf71e639
0a7f2874-21a1-4cbb-a0d3-4198d2adbb87,2025-04-07 10:24:39.261091+00,UMP-45 | K.O. Factory,99999,99999,99999,true,false,https://raw.githubusercontent.com/ByMykel/counter-strike-image-tracker/main/static/panorama/images/econ/default_generated/weapon_ump45_ump45_old_cartoon_light_png.png,0,1,ab7fe35c-5303-43f3-95b1-9b267e5f98f1,b31ba83b-f395-4c74-beb6-da418aefa40d,,bd92534f-ca55-4ca9-a9fb-45ae3799e036,,e976202f-178c-4189-87ac-a4fa702b3048
095e8f3b-610a-4528-b330-530d210d7061,2025-04-07 10:24:39.261091+00,UMP-45 | Late Night Transit,99999,99999,99999,false,false,https://raw.githubusercontent.com/ByMykel/counter-strike-image-tracker/main/static/panorama/images/econ/default_generated/weapon_ump45_ump_transit_light_png.png,0,1,ab7fe35c-5303-43f3-95b1-9b267e5f98f1,095abe9f-361a-412a-a65c-845c7c5bf334,,34404936-2d1d-4161-8bd9-3aa1b1926d27,,d81fd0f2-9b75-462f-b12b-4d8efd1c4ee9
e4b96571-4163-4f3f-ad36-15be1fe162bf,2025-04-07 10:24:40.657585+00,USP-S | Bleeding Edge,99999,99999,99999,false,false,https://raw.githubusercontent.com/ByMykel/counter-strike-image-tracker/main/static/panorama/images/econ/default_generated/weapon_usp_silencer_ht_red_edges_light_png.png,0,0.6,4e35fe6f-32dd-496e-b3b3-9c23768e9e6f,8cf26468-56a6-4fff-a6df-8f2b46c044a8,,bca54d16-e962-47cb-996f-cf68a32896ea,,4cd2a25e-bfaf-4e62-917a-a8e2c6682d34
87ed06ee-8c1f-4b70-bf12-f58dd00171b9,2025-04-07 10:24:40.657585+00,USP-S | PC-GRN,99999,99999,99999,true,false,https://raw.githubusercontent.com/ByMykel/counter-strike-image-tracker/main/static/panorama/images/econ/default_generated/weapon_usp_silencer_usps_bruteforce_green_light_png.png,0,0.9,4e35fe6f-32dd-496e-b3b3-9c23768e9e6f,095abe9f-361a-412a-a65c-845c7c5bf334,,34404936-2d1d-4161-8bd9-3aa1b1926d27,,e976202f-178c-4189-87ac-a4fa702b3048
a74b3575-194f-4dad-b62a-ed73f7688310,2025-04-07 10:24:40.657585+00,USP-S | Royal Guard,99999,99999,99999,false,false,https://raw.githubusercontent.com/ByMykel/counter-strike-image-tracker/main/static/panorama/images/econ/default_generated/weapon_usp_silencer_soe_blue_and_gold_light_png.png,0,0.6,4e35fe6f-32dd-496e-b3b3-9c23768e9e6f,8cf26468-56a6-4fff-a6df-8f2b46c044a8,,34404936-2d1d-4161-8bd9-3aa1b1926d27,,bda28689-0e2b-4bcd-af8e-4ba88c957339
6c68f2cb-3fc6-47bb-bf83-0bf08dde414b,2025-04-07 10:24:40.657585+00,USP-S | Tropical Breeze,99999,99999,99999,false,false,https://raw.githubusercontent.com/ByMykel/counter-strike-image-tracker/main/static/panorama/images/econ/default_generated/weapon_usp_silencer_soe_tropical_light_png.png,0,0.55,4e35fe6f-32dd-496e-b3b3-9c23768e9e6f,095abe9f-361a-412a-a65c-845c7c5bf334,,bca54d16-e962-47cb-996f-cf68a32896ea,,423dfc47-48bd-4cbd-90a9-941adf71e639
5087f1f1-3109-4916-92cf-5f87348e63c9,2025-04-07 10:24:40.657585+00,XM1014 | Canvas Cloud,99999,99999,99999,false,false,https://raw.githubusercontent.com/ByMykel/counter-strike-image-tracker/main/static/panorama/images/econ/default_generated/weapon_xm1014_hy_cloud_camo_light_png.png,0,0.6,f6762467-47c0-49c6-a0c3-0c84d15329f7,72817c51-f8f5-41f0-b586-1c5c6ee127e0,,bca54d16-e962-47cb-996f-cf68a32896ea,,4cd2a25e-bfaf-4e62-917a-a8e2c6682d34
5c40d4a7-3851-4358-9761-930812b95cfa,2025-04-07 10:24:40.657585+00,XM1014 | Copperflage,99999,99999,99999,false,false,https://raw.githubusercontent.com/ByMykel/counter-strike-image-tracker/main/static/panorama/images/econ/default_generated/weapon_xm1014_ht_copper_edges_light_png.png,0,0.6,f6762467-47c0-49c6-a0c3-0c84d15329f7,095abe9f-361a-412a-a65c-845c7c5bf334,,bd92534f-ca55-4ca9-a9fb-45ae3799e036,,423dfc47-48bd-4cbd-90a9-941adf71e639
d314e964-a06d-4b10-a0e0-6bd75a96ac56,2025-04-07 10:24:40.657585+00,XM1014 | Gum Wall Camo,99999,99999,99999,false,false,https://raw.githubusercontent.com/ByMykel/counter-strike-image-tracker/main/static/panorama/images/econ/default_generated/weapon_xm1014_hye_drippy_camo_light_png.png,0,0.6,f6762467-47c0-49c6-a0c3-0c84d15329f7,22afba53-2376-4f1b-bc63-1647fc97556c,,34404936-2d1d-4161-8bd9-3aa1b1926d27,,bda28689-0e2b-4bcd-af8e-4ba88c957339
3ee0ff30-a01a-48b4-be6a-cd8eceed26a4,2025-04-07 10:24:41.581056+00,XM1014 | Mockingbird,99999,99999,99999,true,false,https://raw.githubusercontent.com/ByMykel/counter-strike-image-tracker/main/static/panorama/images/econ/default_generated/weapon_xm1014_xm1014_mockingbird_light_png.png,0,1,f6762467-47c0-49c6-a0c3-0c84d15329f7,095abe9f-361a-412a-a65c-845c7c5bf334,,bd92534f-ca55-4ca9-a9fb-45ae3799e036,,e976202f-178c-4189-87ac-a4fa702b3048
06820823-e651-43ff-9cff-7f23c8814132,2025-04-07 10:24:41.581056+00,XM1014 | Run Run Run,99999,99999,99999,false,false,https://raw.githubusercontent.com/ByMykel/counter-strike-image-tracker/main/static/panorama/images/econ/default_generated/weapon_xm1014_xm1014_freight_light_png.png,0,0.746575,f6762467-47c0-49c6-a0c3-0c84d15329f7,095abe9f-361a-412a-a65c-845c7c5bf334,,bca54d16-e962-47cb-996f-cf68a32896ea,,d81fd0f2-9b75-462f-b12b-4d8efd1c4ee9
6445b173-fe98-48c5-aeec-125204d4a2bf,2025-04-07 10:24:37.926374+00,Zeus x27 | Charged Up,99999,99999,99999,false,false,https://raw.githubusercontent.com/ByMykel/counter-strike-image-tracker/main/static/panorama/images/econ/default_generated/weapon_taser_zeus_standard_issue_light_png.png,0,1,b510c3fa-b419-4c26-b8c9-f201c494c6e8,8cf26468-56a6-4fff-a6df-8f2b46c044a8,,34404936-2d1d-4161-8bd9-3aa1b1926d27,,d81fd0f2-9b75-462f-b12b-4d8efd1c4ee9
8e8e616e-a538-421e-b365-bf2a61501fe7,2025-04-07 10:24:37.926374+00,Zeus x27 | Electric Blue,99999,99999,99999,false,false,https://raw.githubusercontent.com/ByMykel/counter-strike-image-tracker/main/static/panorama/images/econ/default_generated/weapon_taser_soe_electric_blue_light_png.png,0,0.75,b510c3fa-b419-4c26-b8c9-f201c494c6e8,22afba53-2376-4f1b-bc63-1647fc97556c,,34404936-2d1d-4161-8bd9-3aa1b1926d27,,bda28689-0e2b-4bcd-af8e-4ba88c957339
5bff7854-4416-4a46-9de7-cff5a40217d7,2025-04-07 10:24:37.926374+00,Zeus x27 | Swamp DDPAT,99999,99999,99999,false,false,https://raw.githubusercontent.com/ByMykel/counter-strike-image-tracker/main/static/panorama/images/econ/default_generated/weapon_taser_hy_digicam_forest_light_png.png,0,0.6,b510c3fa-b419-4c26-b8c9-f201c494c6e8,72817c51-f8f5-41f0-b586-1c5c6ee127e0,,bd92534f-ca55-4ca9-a9fb-45ae3799e036,,423dfc47-48bd-4cbd-90a9-941adf71e639
c8dc89fe-7d06-4e59-a516-ccf10de79cb0,2025-04-07 10:24:37.926374+00,Zeus x27 | Tosai,99999,99999,99999,true,false,https://raw.githubusercontent.com/ByMykel/counter-strike-image-tracker/main/static/panorama/images/econ/default_generated/weapon_taser_zeus_tosai_light_png.png,0,0.7,b510c3fa-b419-4c26-b8c9-f201c494c6e8,8cf26468-56a6-4fff-a6df-8f2b46c044a8,,18b4f8e5-e41e-4d09-9f14-282b8685e546,,e976202f-178c-4189-87ac-a4fa702b3048
